,General information,,,Road traffic deaths,,,,Road user death (%),,,,,VEHICLE STANDARDS,,,,,,,,,,,,,,,National drink driving law,Based on BAC / BrAC,% road traffic deaths involving alcohol,National maximum legal BAC levels (g/dl),,,Motorcycle helmet law,,,,,,,Children passengers on motorcycles   ,,,number of registered vehicles,National mobile phone law,Mobile phone law ,,Modelled number of road traffic deathsd,,Estimated road traffic death rate per 100 000 populationd ,National speed limit law,Maximum default speed limits (km/h),,,Provider training and certification ,,,
Country/Area,Population numbers for 2016a,GNI per capita for 2016 in US dollarsb,Income levelc,Reported number of road traffic deaths,Modelled number of road traffic deathsd,,Estimated road traffic death rate per 100 000 populationd ,Drivers/ Passengers of 4-wheeled vehicles,Drivers/Passengers of 2- or 3- wheelers,Cyclists,Pedestrians,Other or unspecified users,,,,,,,,,Child restraint systems law,"National seat
belt law",Seat-belt wearing rates (%),,,,,,,,,,,,,,,,,,,,,,,,,,,,,,,,Prehospital providers,Nurses,Specialist doctors,
,,,,,Point estimate,95% Confidence Interval,,,,,,,Seat-belts,Seat-belt anchorages,Frontal impact,Side impact, Electronic stability control,Pedestrian protection,Child seats,Motorcycle anti-lock bracking system,National child restraint law,,Drivers only ,, Front-seat occupants,Rear-seat occupants,All occupants,,,,General population , Young / novice drivers,Professional / commercial drivers,National motorcycle helmet law,Applies to driver,"Applies to adult
passengers",Applies to all roads,Applies to all engines,Helmet fastening required,Standard referred to and / or specified,,,,,,Applies to hand-held phone use,Applies to hands-free phone use,Point estimate,95% Confidence Interval,,,urban,rural,motorways,Formal certification pathway,Post graduate courses in emergency and trauma care,Emergency medicine ,Trauma surgery
Afghanistan,34656032,580,Low,1565,5230,4502 - 5958,15.1,0,0,0,0,0,No,No,No,No,No,No,No,No,No,No,0,,0,0,0,Yes,No,–,—,—,—,No,—,—,—,—,—,—,Not restricted,,,655357,No,−,−,5230,4502 - 5958,15.1,Yes,90,90,90,No,No,Yes,Yes
Albania,2926348,4250,Middle,269,399,369 - 428,13.6,39.4,11.9,7.8,38.7,2.2,No,No,No,No,No,No,No,No,Yes,Yes,95,,85.0,80.0,87.0,Yes,Yes,5.2,≤0.05,≤0.05,≤0.05,Yes,Yes,Yes,Yes,Yes,No,Yes,Not restricted,,,563106,Yes,Yes,No,399,369 - 428,13.6,Yes,40,80,110,Yes,Yes,Yes,No
Angola,28813464,3440,Middle,2845,6797,5304 - 8289,23.6,59.5,0,0,40.5,0,No,No,No,No,No,No,No,No,Yes,Yes,60,,40.0,10.0,65.0,Yes,Yes,–,≤ 0.06,≤ 0.06,≤ 0.06,Yes,Yes,Yes,Yes,Yes,Yes,No,Prohibited under 7 yrs,,,0,Yes,Yes,No,6797,5304 - 8289,23.6,Yes,60,90,120,Yes,Yes,Yes,Yes
Antigua and Barbuda,100963,13400,High,8,8, - ,7.9,62.5,0,12.5,25,0,No,No,No,No,No,No,No,No,No,No,0,,0,0,0,Yes,No,0.9,—,—,—,No,—,—,—,—,—,—,Not restricted,,,36030,No,−,−,8, - ,7.9,Yes,32,64,No,No,No,No,No
Argentina,43847432,11960,Middle,5530,6119, - ,14,47.2,22.2,2.4,8.2,20,Yes,Yes,Yes,Yes,No1,No,No,No,Yes,Yes,50.2,,40.8,23.1,43.6,Yes,Yes,17,≤0.05,≤0.05,0.00,Yes,Yes,Yes,Yes,Yes,Yes,Yes,Not restricted,,,21633587 ,Yes,Yes,Yes,6119, - ,14,Yes,60,110,130,-,-,-,-
Armenia,2924816,3760,Middle,267,499,469 - 530,17.1,59.6,1.5,0.4,34.8,3.7,No,No,No,No,No,No,No,No,No,Yes,70,,70.0,0.0,0.0,Yes,Yes,1.9,≤0.04,≤0.04,≤0.04,Yes,Yes,Yes,Yes,Yes,Yes,No,Prohibited under 12 yrs,,,0,Yes,Yes,No,499,469 - 530,17.1,Yes,90,90,110,Yes,Yes,Yes,Yes
Australia,24125848,54420,High,1296,1351, - ,5.6,60.9,19.3,2.2,14,3.5,Yes,Yes,Yes,Yes,Yes,Yes,No,Yes,Yes,Yes,0,,97.0,96.0,0.0,Yes,Yes,17,< 0.05,0.00,0.00,Yes,Yes,Yes,Yes,Yes,Yes,Yes,Prohibited under 8 yrs,,,18326236 ,Yes,Yes,No,1351, - ,5.6,Yes,50,100 - 130,100 - 130 ,Yes,Yes,Yes,No
Austria,8712137,45230,High,432,452, - ,5.2,43.8,22,11.1,16.9,6.3,Yes,Yes,Yes,Yes,Yes,Yes,Yes,Yes,Yes,Yes,95,,95.0,93.0,0.0,Yes,Yes,5.1,<0.05,<0.01,<0.01,Yes,Yes,Yes,Yes,Yes,No,Yes,Prohibited under 12 yrs,,,7421647,Yes,Yes,No,452, - ,5.2,Yes,50,100,130,Yes,No,Yes,Yes
Azerbaijan,9725376,4760,Middle,759,845, - ,8.7,51.8,0.9,0.9,42,4.3,No,No,No,No,No,No,No,No,No,Yes,80,,40.0,20.0,30.0,Yes,No,15,—,—,—,Yes,Yes,Yes,Yes,Yes,No,No,Prohibited under 12 yrs,,,1330551,Yes,Yes,No,845, - ,8.7,Yes,60,90,110,No,No,Yes,Yes
Bangladesh,162951552,1330,Middle,2376e,24954,20730 - 29177,15.3,0,0,0,0,0,No,No,No,No,No,No,No,No,No,No,0,,0.0,0.0,0.0,Yes,No,–,—,—,—,Yes,Yes,Yes,Yes,Yes,No,Yes,Not restricted,,,2879708,No,−,−,24954,20730 - 29177,15.3,Yes,112,112,112,No,No,Yes,Yes
Barbados,284996,14830,High,9,16, - ,5.6,33.3,33.3,0,22.2,11.1,No,No,No,No,No,No,No,No,Yes,Yes,0,,0.0,0.0,0.0,Yes,Yes,–,≤ 0.08,≤ 0.08,≤ 0.08,Yes,Yes,Yes,Yes,Yes,No,Yes,Not restricted,,,117104,Yes,Yes,No,16, - ,5.6,Yes,80,80,80,Yes,No,Yes,Yes
Belarus,9480042,5600,Middle,588,841, - ,8.9,48.5,0,9.2,41.3,1,No,No,No,No,No,No,No,No,Yes,Yes,0,,0.0,0.0,0.0,Yes,Yes,14.3,<0.03,<0.03,<0.03,Yes,Yes,Yes,Yes,Yes,Yes,Yes,Prohibited under 12 yrs,,,4192291,Yes,Yes,No,841, - ,8.9,Yes,60,90,110,No,No,Yes,Yes
Belgium,11358379,41860,High,637,657, - ,5.8,57.1,14.4,11.1,12.2,5,Yes,Yes,Yes,Yes,Yes,Yes,Yes,Yes,Yes,Yes,91.5,,92.2,85.5,91.7,Yes,Yes,–,<0.05,<0.05,<0.02,Yes,Yes,Yes,Yes,Yes,No,Yes,Prohibited under 3 /8 yrs,,,7330718,Yes,Yes,No,657, - ,5.8,Yes,50,90,120,Yes,Yes,Yes,Yes
Belize,366954,4410,Middle,101,104, - ,28.3,18.8,19.8,11.9,24.8,24.8,No,No,No,No,No,No,No,No,No,Yes,0,,0.0,0.0,0.0,Yes,Yes,–,≤0.08,≤0.08,≤0.08,Yes,Yes,Yes,No,Yes,Yes,No,Not restricted,,,56094,No,−,−,104, - ,28.3,Yes,40,88,88,No,No,No,No
Benin,10872298,820,Low,637e,2986,2458 - 3514,27.5,16.8,56.5,0.8,16.8,9.1,No,No,No,No,No,No,No,No,No,No,0,,0.0,0.0,0.0,Yes,No,–,—,—,—,Yes,Yes,Yes,Yes,Yes,Yes,No,Not restricted,,,469761,Yes,Yes,Yes,2986,2458 - 3514,27.5,No,−,−,−,Yes,Yes,Yes,Yes
Bhutan,797765,2510,Middle,125,139,121 - 157,17.4,0,0,0,0,0,No,No,No,No,No,No,No,No,No,Yes,0,,0.0,0.0,0.0,Yes,Yes,–,≤ 0.08,0.00,0.00,Yes,Yes,Yes,Yes,Yes,Yes,Yes,Not restricted,,,86981,Yes,Yes,No,139,121 - 157,17.4,Yes,30,50,50,Yes,No,Yes,Yes
Bolivia (Plurinational State of),10887882,3070,Middle,1259,1687,1532 - 1842,15.5,60.8,19.7,0,2.5,17.1,No,No,No,No,No,No,No,No,No,Yes,20.8,,3.5,0.5,9.7,Yes,Yes,6.4,≤0.05,≤0.05,≤0.05,Yes,Yes,Yes,Yes,Yes,No,Yes,Not restricted,,,1711005,No,−,−,1687,1532 - 1842,15.5,Yes,40,80,80,No,Yes,Yes,No
Bosnia and Herzegovina,3516816,4880,Middle,318,552,500 - 603,15.7,0,0,0,0,0,No,No,No,No,No,No,No,No,Yes,Yes,48,,51.0,11.0,0.0,Yes,Yes,20.8,≤0.03,0.00,0.00,Yes,Yes,Yes,Yes,Yes,No,No,Prohibited under 12 yrs,,,978229 ,Yes,Yes,No,552,500 - 603,15.7,Yes,50,80,130,Yes,No,Yes,Yes
Botswana,2250260,6610,Middle,450,535,465 - 606,23.8,63.1,0,2,24.7,10.2,No,No,No,No,No,No,No,No,Yes,Yes,0,,0.0,0.0,0.0,Yes,Yes,3.8,≤0.05,≤0.05,≤0.025,Yes,Yes,Yes,Yes,Yes,Yes,Yes,Not restricted,,,653274,Yes,Yes,No,535,465 - 606,23.8,Yes,60,80,120,-,Yes,Yes,No
Brazil,207652864,8840,Middle,38651e,41007, - ,19.7,23.2,31.4,3.4,18.1,24,Yes,Yes,Yes,No,No,No,Yes,Yes,Yes,Yes,0,,79.4,50.2,0.0,Yes,Yes,–,0.00,0.00,0.00,Yes,Yes,Yes,Yes,Yes,Yes,Yes,Prohibited under 7 yrs,,,93867016,Yes,Yes,Yes,41007, - ,19.7,Yes,80,60,110,No,Yes,Yes,Yes
Bulgaria,7131494,7470,Middle,708,730, - ,10.2,63.8,7.8,4.9,16.7,6.8,Yes,Yes,Yes,Yes,Yes,Yes,Yes,Yes,Yes,Yes,0,,0.0,0.0,80.0,Yes,Yes,0.9,≤0.05,≤0.05,≤0.05,Yes,Yes,Yes,Yes,Yes,No,No,Prohibited under 12 yrs,,,4031748,Yes,Yes,No,730, - ,10.2,Yes,50,90,140,Yes,Yes,Yes,Yes
Burkina Faso,18646432,640,Low,878,5686,4499 - 6872,30.5,0,0,0,0,0,No,No,No,No,No,No,No,No,Yes,Yes,0,,0.0,0.0,0.0,Yes,Yes,–,≤0.05,≤0.02,≤0.02,Yes,Yes,Yes,Yes,Yes,No,Yes,Prohibited under 5 yrs,,,2106292,Yes,Yes,No,5686,4499 - 6872,30.5,Yes,50,90,No,No,-,-,No
Burundi,10524117,280,Low,112e,3651,2926 - 4376,34.7,0,0,0,0,0,No,No,No,No,No,No,No,No,No,Yes,0,,0.0,0.0,0.0,Yes,Yes,–,≤0.08,≤0.08,≤0.08,Yes,Yes,Yes,Yes,Yes,No,No,Not restricted,,,111236,Yes,Yes,Yes,3651,2926 - 4376,34.7,Yes,50,100,100,No,No,No,Yes
Cabo Verde,539560,2970,Middle,41,135,118 - 152,25,0,0,0,0,0,No,No,No,No,No,No,No,No,No,Yes,0,,0.0,0.0,0.0,Yes,Yes,–,<0.08,<0.08,<0.08,Yes,Yes,Yes,Yes,No,Yes,Yes,Prohibited under 7 yrs,,,64955,Yes,Yes,No,135,118 - 152,25,Yes,50,90,120,No,No,-,-
Cambodia,15762370,1140,Middle,1852,2803,2381 - 3226,17.8,6.2,73.5,2.3,9.6,8.4,No,No,No,No,No,No,No,No,Yes,Yes,0,,0.0,0.0,0.0,Yes,Yes,13,<0.05,<0.05,<0.05,Yes,Yes,Yes,Yes,Yes,No,Yes,Not restricted,,,3751715,Yes,Yes,No,2803,2381 - 3226,17.8,Yes,40,90,100,No,Yes,Yes,Yes
Cameroon,23439188,1200,Middle,1879,7066,5670 - 8463,30.1,0,0,0,0,0,No,No,No,No,No,No,No,No,No,Yes,0,,0.0,0.0,0.0,Yes,Yes,–,≤0.08,≤0.08,≤0.08,Yes,Yes,Yes,Yes,Yes,No,No,Prohibited under 5 yrs,,,758145,Yes,Yes,Yes,7066,5670 - 8463,30.1,Yes,60,110,No,No,No,No,No
Canada,36289824,43660,High,1858e,2118, - ,5.8,64.3,10.8,2.5,15.2,7.2,Yes,Yes,Yes,Yes,Yes,No,Yes,No,Yes,Yes,95.7,,95.2,89.2,95.3,Yes,Yes,29.6,0.04 - 0.08,0.00 - 0.08,0.04 - 0.08,Yes,Yes,Yes,Yes,Yes,Yes,Yes,Not restricted,,,23923806,Yes,Yes,No,2118, - ,5.8,Yes,50,50  - 100   ,80 -  100   ,-,Yes,Yes,Yes
Central African Republic,4594621,370,Low,193,1546,1209 - 1884,33.6,0,0,0,0,0,No,No,No,No,No,No,No,No,No,Yes,0,,0.0,0.0,0.0,Yes,Yes,–,≤0.08,≤0.08,≤0.08,Yes,Yes,Yes,Yes,No,Yes,No,Prohibited under 5 yrs,,,37475,Yes,Yes,Yes,1546,1209 - 1884,33.6,Yes,60,110,No,-,Yes,-,-
Chad,14452543,720,Low,1122f,3990,3110 - 4870,27.6,0,0,0,0,0,No,No,No,No,No,No,No,No,No,Yes,0,,0.0,0.0,0.0,Yes,Yes,–,≤0.08,≤0.08,≤0.08,Yes,Yes,Yes,Yes,No,No,No,Prohibited under 5 yrs,,,1124000,Yes,Yes,Yes,3990,3110 - 4870,27.6,Yes,60,110,No,Yes,No,No,Yes
Chile,17909754,13530,High,1675,2245, - ,12.5,42,8.7,5.7,36,7.7,No,No,No,No,No,No,No,No,Yes,Yes,76,,59.0,14.0,49.6,Yes,Yes,13,≤ 0.03,≤ 0.03,≤ 0.03,Yes,Yes,Yes,Yes,Yes,Yes,Yes,Not restricted,,,4960945,Yes,Yes,No,2245, - ,12.5,Yes,60,100,120,No,Yes,Yes,Yes
China,1411415375,8260,Middle,58022e,256180, - ,18.2,0,0,0,0,0,Yes,Yes,Yes,Yes,No,No,No,No,No,Yes,36.7,,0.0,0.0,0.0,Yes,Yes,0.4,<0.02,<0.02,<0.02,Yes,Yes,Yes,Yes,Yes,No,Yes,Prohibited under 12 yrs,,,294694457,Yes,Yes,No,256180, - ,18.2,Yes,50,70,120,Yes,No,No,No
Colombia,48653420,6320,Middle,7158,8987, - ,18.5,8.4,52.5,5.3,26,7.8,No,No,No,No,No,No,No,No,No,Yes,75,,64.2,2.2,47.1,Yes,Yes,–,<0.02,<0.02,<0.02,Yes,Yes,Yes,Yes,Yes,No,Yes,Not restricted,,,13477996,Yes,Yes,No,8987, - ,18.5,Yes,80,120,120,Yes,Yes,Yes,Yes
Comoros,795601,760,Low,23,211,177 - 245,26.5,65.2,17.4,0,17.4,0,No,No,No,No,No,No,No,No,No,No,0,,0.0,0.0,0.0,Yes,No,–,—,—,—,No,—,—,—,—,—,—,Not restricted,,,34898,No,−,−,211,177 - 245,26.5,Yesk,−,−,−,No,No,No,No
Congo,5125821,1710,Middle,308,1405,1124 - 1687,27.4,0,0,0,0,0,No,No,No,No,No,No,No,No,No,Yes,22,,4.0,4.0,0.0,Yes,Yes,–,≤0.08,≤0.08,≤0.08,Yes,Yes,Yes,Yes,No,No,No,Prohibited under 5 yrs,,,0,Yes,Yes,Yes,1405,1124 - 1687,27.4,Yes,60,110,No,No,No,No,No
Cook Islands,17379,…,High,5e,3,,17.3,20,80,0,0,0,No,No,No,No,No,No,No,No,No,No,0,,0,0,0,Yes,Yes,39,≤0.08,≤0.08,≤0.08,Yes,Yes,Yes,Yes,Yes,No,Yes,Not restricted,,,12453,No,−,−,3,,17.3,Yes,50,50,50,No,No,No,No
Costa Rica,4857274,10840,Middle,795e,812, - ,16.7,24,40,10.4,24.7,0.9,No,No,No,No,No,No,No,No,Yes,Yes,77.8,,75.1,35.6,76.7,Yes,Yes,31.2,≤ 0.05,≤ 0.02,≤ 0.02,Yes,Yes,Yes,Yes,Yes,No,Yes,Prohibited under 5 yrs,,,1991398,Yes,Yes,No,812, - ,16.7,Yes,50,60,No,Yes,Yes,Yes,Yes
Côte d’Ivoire,23695920,1520,Middle,991,5582,4635 - 6529,23.6,11.1,35,0.3,40.2,13.4,No,No,No,No,No,No,No,No,No,Yes,0,,0.0,0.0,0.0,Yes,Yes,–,<0.08,<0.08,<0.08,Yes,Yes,Yes,Yes,Yes,No,Yes,Not restricted,,,905537,Yes,Yes,Yes,5582,4635 - 6529,23.6,Yes,60,110,120,Yes,Yes,Yes,Yes
Croatia,4213265,12110,Middle,307,340, - ,8.1,48.2,16,8.8,21.8,5.2,Yes,Yes,Yes,Yes,Yes,Yes,Yes,Yes,Yes,Yes,61.1,,61.9,13.9,58.0,Yes,Yes,23.8,≤0.05,0.00,0.00,Yes,Yes,Yes,Yes,Yes,Yes,Yes,Prohibited under 12 yrs,,,1996056,Yes,Yes,No,340, - ,8.1,Yes,50,90,130,Yes,No,Yes,Yes
Cuba,11475982,6570g,Middle,750,975, - ,8.5,10.1,15.6,9.9,33.2,31.2,No,No,No,No,No,No,No,No,No,Yes,35,,30.0,0.0,0.0,Yes,Yes,33.3,≤0.01,0.00,0.00,Yes,Yes,Yes,Yes,Yes,Yes,No,Prohibited under 7 yrs,,,633369,Yes,Yes,Yes,975, - ,8.5,Yes,50,90,100,Yes,Yes,Yes,Yes
Cyprus,1170125,23680,High,46,60, - ,5.1,34.8,21.7,4.3,30.4,8.7,Yes,Yes,Yes,Yes,Yes,Yes,Yes,Yes,Yes,Yes,0,,0.0,0.0,0.0,Yes,Yes,17.4,≤0.05,≤0.02,≤0.02,Yes,Yes,Yes,Yes,Yes,Yes,Yes,Prohibited under 12 yrs,,,650805,Yes,Yes,No,60, - ,5.1,Yes,65,No,100,Yes,Yes,No,No
Czechia,10610947,17570,High,611,630, - ,5.9,53.7,10.3,8.7,21.3,6.1,Yes,Yes,Yes,Yes,Yes,Yes,Yes,Yes,Yes,Yes,95,,98.0,72.0,0.0,Yes,Yes,9.5,≤0.03,≤0.03,≤0.03,Yes,Yes,Yes,Yes,Yes,Yes,Yes,Prohibited under 12 yrs,,,7325789,Yes,Yes,No,630, - ,5.9,Yes,50,90,130,Yes,Yes,Yes,Yes
Democratic Republic of the Congo,78736152,420,Low,385,26529,21142 - 31915,33.7,36.1,11.7,0,51.9,0.3,No,No,No,No,No,No,No,No,No,Yes,0,,0.0,0.0,0.0,Yes,Yes,–,<0.10,<0.10,<0.10,Yes,Yes,Yes,Yes,Yes,No,No,Not restricted,,,0,No,−,−,26529,21142 - 31915,33.7,Yes,60,90,120,No,No,No,Yes
Denmark,5711870,56730,High,211,227, - ,4,48.3,16.1,14.7,17.1,3.8,Yes,Yes,Yes,Yes,Yes,Yes,Yes,Yes,Yes,Yes,88,,96.0,91.0,0.0,Yes,Yes,–,≤0.05,≤0.05,≤0.05,Yes,Yes,Yes,Yes,Yes,Yes,Yes,Prohibited under 5 yrs / 135 cm,,,3131673,Yes,Yes,No,227, - ,4,Yes,50,80,130,-,Yes,No,No
Dominica,73543,6750,Middle,10e,8, - ,10.9,10,0,60,10,20,No,No,No,No,No,No,No,No,No,Yes,0,,0.0,0.0,0.0,Yes,Yes,–,≤0.08,≤0.08,≤0.08,No,—,—,—,—,—,—,Not restricted,,,35796,No,−,−,8, - ,10.9,No,−,−,−,No,No,No,No
Dominican Republic,10648791,6390,Middle,3118,3684, - ,34.6,11,67,1,17,4,No,No,No,No,No,No,No,No,Yes,Yes,45,,18.0,5.0,34.0,Yes,Yes,–,≤0.05,0.00,0.00,Yes,Yes,Yes,Yes,Yes,No,Yes,Prohibited under 8 yrs,,,3854038,Yes,Yes,No,3684, - ,34.6,Yes,60,60,120,Yes,No,Yes,No
Ecuador,16385068,5820,Middle,2894,3490, - ,21.3,5.2,19.1,1.8,19.8,54,Yes,Yes,Yes,Yes,Yes,No,No,No,Yes,Yes,80,,26.0,2.0,36.0,Yes,Yes,6.8,≤ 0.03,≤ 0.03,≤ 0.01,Yes,Yes,Yes,Yes,Yes,Yes,Yes,Prohibited under 7 yrs,,,1925368,Yes,Yes,No,3490, - ,21.3,Yes,60,120,135,Yes,Yes,Yes,Yes
Egypt,95688680,3460,Middle,8211,9287, - ,9.7,45.1,5.5,1.2,26.9,21.2,Yes,Yes,Yes,Yes,Yes,Yes,Yes,No,No,Yes,0,,0.0,0.0,0.0,Yes,No,–,—,—,—,Yes,Yes,Yes,Yes,Yes,No,No,Not restricted,,,8412673,Yes,Yes,No,9287, - ,9.7,Yes,60,90,100,Yes,Yes,Yes,No
El Salvador,6344722,3920,Middle,1215,1411, - ,22.2,32.1,14.2,1.4,49,3.3,No,No,No,No,No,No,No,No,Yes,Yes,0,,0.0,0.0,0.0,Yes,Yes,–,<0.05,<0.05,<0.05,Yes,Yes,Yes,Yes,Yes,Yes,No,Not restricted,,,1008080,Yes,Yes,Yes,1411, - ,22.2,Yes,50,90,No,No,No,No,No
Equatorial Guinea,1221490,6550,Middle,41e,300,221 - 379,24.6,0,0,0,0,0,No,No,No,No,No,No,No,No,No,Yes,0,,0,0,0,Yes,Yes,–,≤0.08,≤0.08,≤0.08,Yes,Yes,Yes,Yes,No,No,No,Prohibited under 5 yrs,,,143000,Yes,Yes,Yes,300,221 - 379,24.6,Yes,60,110,No,Yes,Yes,Yes,Yes
Eritrea,4954645,520g,Low,130,1255,1025 - 1485,25.3,36.2,1.5,9.2,25.4,27.7,No,No,No,No,No,No,No,No,No,Yes,80,,80.0,0.0,0.0,Yes,Yes,–,≤0.05,≤0.05,≤0.03,Yes,Yes,Yes,Yes,Yes,No,No,Not restricted,,,72405,Yes,Yes,No,1255,1025 - 1485,25.3,Yes,60,100,No,No,No,No,No
Estonia,1312442,17750,High,71,80, - ,6.1,52.1,1.4,7,31,8.5,Yes,Yes,Yes,Yes,Yes,Yes,Yes,Yes,Yes,Yes,97.8,,97.3,81.8,95.0,Yes,Yes,10,<0.02,<0.02,<0.02,Yes,Yes,Yes,Yes,Yes,Yes,Yes,Prohibited under 12 yrs,,,865040,Yes,Yes,No,80, - ,6.1,Yes,50,90,No,No,Yes,Yes,Yes
Eswatini,1343098,2830,Middle,203,361,296 - 427,26.9,53.7h,0.5,2,43.8,0,No,No,No,No,No,No,No,No,No,Yes,0,,0.0,0.0,0.0,Yes,Yes,–,<0.05,<0.05,<0.02,Yes,Yes,Yes,Yes,Yes,Yes,Yes,Not restricted,,,99830,Yes,Yes,No,361,296 - 427,26.9,Yes,100,100,100,Yes,Yes,Yes,Yes
Ethiopia,102403200,660,Low,4352e,27326,21494 - 33159,26.7,0,0,0,36.7,63.3,No,No,No,No,No,No,No,No,No,Yes,0,,0.0,0.0,0.0,Yes,Yes,4.3,≤ 0.08,≤ 0.08,≤ 0.08,Yes,Yes,Yes,Yes,Yes,No,No,Not restricted,,,708416,Yes,Yes,Yes,27326,21494 - 33159,26.7,Yes,60,70,100,No,No,Yes,No
Fiji,898760,4840,Middle,60,86, - ,9.6,63.3h,0,0,36.7,0,No,No,No,No,No,No,No,No,Yes,Yes,90,,75.0,5.0,72.0,Yes,Yes,5,≤0.08,0.00,0.00,Yes,Yes,Yes,Yes,Yes,Yes,No,Prohibited under 8 yrs,,,110763,Yes,Yes,Yes,86, - ,9.6,Yes,50,80,−,Yes,Yes,Yes,Yes
Finland,5503132,44730,High,252,260, - ,4.7,64.7,8.7,9.5,10.7,6.3,Yes,Yes,Yes,Yes,Yes,Yes,Yes,Yes,Yes,Yes,96,,95.0,85.0,94.0,Yes,Yes,24,<0.05,<0.05,<0.05,Yes,Yes,Yes,Yes,Yes,No,No,Not restricted,,,5217850,Yes,Yes,No,260, - ,4.7,Yes,50,80,120,-,-,-,-
France,64720688,38950,High,3477,3585, - ,5.5,54.4,21.1,4.7,16.1,3.8,Yes,Yes,Yes,Yes,Yes,Yes,Yes,Yes,Yes,Yes,0,,98.0,88.0,0.0,Yes,Yes,29,<0.05,<0.02,<0.05 ,Yes,Yes,Yes,Yes,Yes,Yes,Yes,Not restricted,,,42363000,Yes,Yes,No,3585, - ,5.5,Yes,50,90,130,Yes,No,Yes,No
Gabon,1979786,7210,Middle,54i,460,382 - 538,23.2,0,0,0,0,0,No,No,No,No,No,No,No,No,No,Yes,0,,0.0,0.0,0.0,Yes,Yes,–,≤0.08,≤0.08,≤0.08,Yes,Yes,Yes,Yes,No,No,No,Prohibited under 5 yrs,,,0,Yes,Yes,Yes,460,382 - 538,23.2,Yes,60,110,No,No,No,No,No
Gambia,2038501,440,Low,139,605,484 - 726,29.7,0,0,0,0,0,No,No,No,No,No,No,No,No,Yes,Yes,0,,0.0,0.0,0.0,Yes,No,2.1,—,—,—,Yes,Yes,Yes,Yes,Yes,No,No,Not restricted,,,84963,Yes,Yes,No,605,484 - 726,29.7,Yes,No ,No,No,Yes,No,Yes,Yes
Georgia,3925405,3810,Middle,581,599, - ,15.3,44.9,0.5,0.7,26.5,27.4,No,No,No,No,No,No,No,No,No,Yes,70,,60.0,0.0,0.0,Yes,Yes,9,≤ 0.03,≤ 0.03,≤ 0.03,Yes,Yes,Yes,Yes,Yes,Yes,No,Prohibited under 12 yrs,,,1126470,Yes,Yes,No,599, - ,15.3,Yes,60,90,110,Yes,Yes,Yes,Yes
Germany,81914672,43660,High,3206,3327, - ,4.1,47.8,18.8,12.3,15.3,5.9,Yes,Yes,Yes,Yes,Yes,Yes,Yes,Yes,Yes,Yes,98,,98.0,99.0,98.0,Yes,Yes,7,<0.05,0.00,<0.05,Yes,Yes,Yes,Yes,No,No,No,Not restricted,,,56622000,Yes,Yes,No,3327, - ,4.1,Yes,50,100,No,Yes,Yes,Yes,Yes
Ghana,28206728,1380,Middle,1802e,7018,6056 - 7980,24.9,12,17.9,3.3,46.1,20.7,No,No,No,No,No,No,No,No,No,Yes,55.6,,18.4,3.5,35.0,Yes,Yes,–,≤ 0.08,≤ 0.08,≤ 0.08,Yes,Yes,Yes,Yes,Yes,Yes,Yes,Not restricted,,,2066943,Yes,Yes,No,7018,6056 - 7980,24.9,Yes,50,90,100,Yes,Yes,No,No
Greece,11183716,18960,High,824,1026, - ,9.2,40.3,32.4,2.2,18.1,7,Yes,Yes,Yes,Yes,Yes,Yes,Yes,Yes,Yes,Yes,77,,74.0,23.0,72.0,Yes,Yes,25.3,< 0.05,< 0.05,< 0.05,Yes,Yes,Yes,Yes,Yes,Yes,Yes,Prohibited under 5 yrs,,,9489299,Yes,Yes,No,1026, - ,9.2,Yes,50,90,130,No,No,No,No
Grenada,107317,8830,Middle,10,10, - ,9.3,0,0,0,0,0,No,No,No,No,No,No,No,No,No,Yes,0,,0.0,0.0,0.0,Yes,No,–,—,—,—,Yes,Yes,Yes,Yes,Yes,No,Yes,Not restricted,,,27266,No,−,−,10, - ,9.3,Yes,32,64,No,Yes,Yes,Yes,Yes
Guatemala,16582469,3790,Middle,2058,2758, - ,16.6,19.4,32.7,0.4,39.2,8.3,No,No,No,No,No,No,No,No,No,Yes,0,,0.0,0.0,0.0,Yes,No,–,—,—,—,Yes,Yes,Yes,Yes,Yes,No,No,Not restricted,,,3250194,Yes,Yes,No,2758, - ,16.6,Yes,60,80,100,No,No,No,No
Guinea,12395924,490,Low,458,3490,2903 - 4077,28.2,0,0,0,0,0,No,No,No,No,No,No,No,No,Yes,Yes,0,,0.0,0.0,0.0,Yes,Yes,–,<0.08,<0.08,<0.08,Yes,Yes,Yes,Yes,Yes,No,Yes,Not restricted,,,259731,Yes,Yes,No,3490,2903 - 4077,28.2,No,−,−,−,No,No,No,No
Guinea-Bissau,1815698,620,Low,122,565,465 - 664,31.1,0,0,0,0,0,No,No,No,No,No,No,No,No,Yes,Yes,0,,0.0,0.0,0.0,Yes,Yes,–,≤0.05,≤0.05,≤0.05,Yes,Yes,Yes,Yes,Yes,Yes,Yes,Prohibited under 6 yrs,,,62239,Yes,Yes,No,565,465 - 664,31.1,Yes,50,80,100,Yes,Yes,Yes,No
Guyana,773303,4250,Middle,128,190, - ,24.6,24.2,21.9,12.5,29.7,11.7,No,No,No,No,No,No,No,No,Yes,Yes,95,,95.0,0.0,42.0,Yes,Yes,17,≤ 0.08,≤ 0.08,≤ 0.08,No,—,—,—,—,—,—,Not restricted,,,15694,Yes,Yes,No,190, - ,24.6,Yes,64,64,No,Yes,-,-,-
Honduras,9112867,2150,Middle,1407,1525,1388 - 1661,16.7,18.6,24.3,4.1,27.9,25.1,No,No,No,No,No,No,No,No,No,Yes,0,,0.0,0.0,0.0,Yes,Yes,6.8,<0.07,<0.07,<0.07,Yes,Yes,Yes,Yes,Yes,No,No,Not restricted,,,1694504,Yes,Yes,Yes,1525,1388 - 1661,16.7,Yes,−,−,−,Yes,Yes,Yes,Yes
Hungary,9753281,12570,High,607,756, - ,7.8,44.3,10.5,12,25,8.1,Yes,Yes,Yes,Yes,Yes,Yes,Yes,Yes,Yes,Yes,81.7,,82.8,38.5,81.0,Yes,Yes,7.1,0.00,0.00,0.00,Yes,Yes,Yes,Yes,Yes,Yes,Yes,Not restricted,,,4022798,Yes,Yes,No,756, - ,7.8,Yes,50,90,130,Yes,Yes,Yes,No
Iceland,332474,56990,High,18,22, - ,6.6,72.2,11.1,0,11.1,5.6,Yes,Yes,Yes,Yes,Yes,Yes,Yes,Yes,Yes,Yes,90,,93.0,86.0,90.0,Yes,Yes,14,<0.05,<0.05,<0.05,Yes,Yes,Yes,Yes,Yes,No,No,Not restricted,,,289501,Yes,Yes,No,22, - ,6.6,Yes,50,90,100,Yes,No,Yes,Yes
India,1324171392,1680,Middle,150785,299091, - ,22.6,17.9,39.6,1.7,10.4,30.4,Yes,Yes,Yes,Yes,No ,Yes,No,Yes,No,Yes,14,,3.5,0.0,0.0,Yes,Yes,4.1,≤ 0.03,≤ 0.03,≤ 0.03,Yes,Yes,Yes,Yes,Yes,Yes,Yes,Not restricted,,,210023289 ,Yes,Yes,Yes,299091, - ,22.6,Yes,100,100,100,Yes,Yes,Yes,Yes
Indonesia,261115456,3400,Middle,31282,31726,27277 - 36176,12.2,4.9,73.6,3.2,15.5,2.7,No,No,No,No,No,No,No,No,No,Yes,0,,0.0,0.0,69.0,Yes,No,–,—,—,—,Yes,Yes,Yes,Yes,Yes,No,Yes,Not restricted,,,128398594,Yes,No,No,31726,27277 - 36176,12.2,Yes,50,80,100,Yes,Yes,Yes,Yes
Iran (Islamic Republic of),80277424,6530g,Middle,15932,16426, - ,20.5,48.7,24.1,0.6,21.6,5,No,No,No,No,No,No,No,No,No,Yes,95,,93,15,68.5,Yes,No,1.7,—,—,—,Yes,Yes,Yes,Yes,Yes,No,Yes,Not restricted,,,30377065,Yes,Yes,Yes,16426, - ,20.5,Yes,60,95,120,Yes,No,Yes,Yes
Iraq,37202572,5430,Middle,4134,7686,6548 - 8824,20.7,0,0,0,0,0,No,No,No,No,No,No,No,No,No,Yes,0,,0,0,0,Yes,No,–,—,—,—,Yes,Yes,No,Yes,Yesf,No,No,Not restricted,,,5775777,Yes,Yes,Yes,7686,6548 - 8824,20.7,Yes,60,100,120,Yes,Yes,Yes,No
Ireland,4726078,52560,High,188,194, - ,4.1,62.2,11.7,5.3,18.6,2.1,Yes,Yes,Yes,Yes,Yes,Yes,Yes,Yes,Yes,Yes,92,,94,74,91,Yes,Yes,38.5,≤ 0.05,≤ 0.02,≤ 0.02,Yes,Yes,Yes,Yes,Yes,No,Yes,Not restricted,,,2573961,Yes,Yes,No,194, - ,4.1,Yes,50,100,120,Yes,Yes,Yes,Yes
Israel,8191828,36190,High,335,345, - ,4.2,46.3,12.2,2.7,28.7,10.1,Yes,YES,Yes,Yes,Yes,No,Yes,No,Yes,Yes,91.2,,88.7,69.7,87.9,Yes,Yes,3.6,≤ 0.05,≤ 0.01,≤ 0.01,Yes,Yes,Yes,Yes,Yes,Yes,Yes,Not restricted,,,3239305,Yes,Yes,No,345, - ,4.2,Yes,50,80,110,Yes,No,Yes,Yes
Italy,59429936,31590,High,3428e,3333, - ,5.6,42.8,25.6,7.3,17.6,6.7,Yes,Yes,Yes,Yes,Yes,Yes,Yes,Yes,Yes,Yes,0,,61.9,15.4,0,Yes,Yes,20 - 25,≤0.05,0.00,0.00,Yes,Yes,Yes,Yes,Yes,Yes,Yes,Prohibited under 5 yrs,,,52581575,Yes,Yes,No,3333, - ,5.6,Yes,50,110,150,No,Yes,Yes,No
Jamaica,2881355,4660,Middle,379,391, - ,13.6,33,28.8,8.4,22.2,7.7,No,No,No,No,No,No,No,No,Yes,Yes,51,,54,4,0,Yes,Yes,–,≤ 0.08,≤ 0.08,≤ 0.08,Yes,Yes,Yes,Yes,Yes,Yes,Yes,Not restricted,,,"541,316",No,−,−,391, - ,13.6,Yes,48,80,No,Yes,Yes,Yes,Yes
Japan,127748512,38000,High,4682,5224, - ,4.1,32.4,17.2,15.1,35,1,Yes,Yes,Yes,Yes,Yes,Yes,Yes,Yes,Yes,Yes,99.5,,98,71.8,94.9,Yes,Yes,5.6,<0.03,<0.03,<0.03,Yes,Yes,Yes,Yes,Yes,No,Yes,Not restricted,,,81602046,Yes,Yes,No,5224, - ,4.1,Yes,60,60,100,Yes,Yes,Yes,Yes
Jordan,9455802,3920,Middle,750,2306,1926 - 2686,24.4,71.3h,0,0,28.7,0,No,No,No,No,No,No,No,No,No,Yes,0,,0,0,0,Yes,Yes,–,<0.08,<0.08,<0.08,Yes,Yes,Yes,Yes,Yes,No,Yes,Not restricted,,,1502420,Yes,Yes,No,2306,1926 - 2686,24.4,Yes,90,120,120,Yes,Yes,Yes,Yes
Kazakhstan,17987736,8710,Middle,2625,3158, - ,17.6,59.8,4.3,1.7,30.9,3.3,No,No,No,No,No,No,No,No,Yes,Yes,0,,0,0,0,Yes,Yes,0.3,<0.05,<0.05,<0.05,Yes,Yes,Yes,Yes,No,Yes,No,Prohibited under 12 yrs,,,4383120,Yes,Yes,No,3158, - ,17.6,Yes,60,110,140,No,Yes,No,No
Kenya,48461568,1380,Middle,2965,13463,11486 - 15440,27.8,36.4h,24.2,2.4,37,0,No,No,No,No,No,No,No,No,No,Yes,0,,0,0,0,Yes,Yes,–,≤0.08,≤0.08,≤0.08,Yes,Yes,Yes,Yes,Yes,Yes,Yes,Not restricted,,,2979910,Yes,Yes,No,13463,11486 - 15440,27.8,Yes,50,100,110,Yes,Yes,Yes,Yes
Kiribati,114395,2380,Middle,5,5,,4.4,40,20,0,40,0,No,No,No,No,No,No,No,No,No,Yes,0,,0,0,0,Yes,Yes,–,≤0.05,0,0,Yes,Yes,Yes,Yes,Yes,No,Yes,Not restricted,,,3706,Yes,Yes,No,5,,4.4,Yes,40,60,60,Yes,Yes,Yes,No
Kuwait,4052584,41680g,High,424,715, - ,17.6,0,0,0,0,0,No,No,No,No,No,No,No,No,No,Yes,0,,0,0,0,Yes,No,–,—,—,—,Yes,Yes,Yes,Yes,Yes,No,No,Not restricted,,,2001940,Yes,Yes,No,715, - ,17.6,Yes,45,80,80,Yes,Yes,Yes,Yes
Kyrgyzstan,5955734,1100,Middle,812,916, - ,15.4,27.6,2.1,0.2,40,30,No,No,No,No,No,No,No,No,No,Yes,0,,0,0,0,Yes,No,–,—,—,—,Yes,Yes,Yes,Yes,Yes,Yes,No,Prohibited under 12 yrs,,,993000,Yes,Yes,No,916, - ,15.4,Yes,60,90,110,Yes,Yes,Yes,Yes
Lao People’s Democratic Republic,6758353,2150,Middle,1086,1120,946 - 1294,16.6,0,0,0,0,0,No,No,No,No,No,No,No,No,Yes,Yes,0,,0,0,0,Yes,Yes,–,≤0.05,≤0.05,0.00,Yes,Yes,Yes,Yes,Yes,No,No,Not restricted,,,1850020,Yes,Yes,Yes,1120,946 - 1294,16.6,Yes,40,90,−,Yes,Yes,Yes,Yes
Latvia,1970530,14630,High,158,184, - ,9.3,44.9,12,4.4,34.8,3.8,Yes,Yes,Yes,Yes,Yes,Yes,Yes,Yes,Yes,Yes,81,,84.7,53.0,0,Yes,Yes,10.8,≤ 0.05,≤ 0.02,≤ 0.02,Yes,Yes,Yes,Yes,Yes,Yes,No,Prohibited under 150 cm,,,803628,Yes,Yes,No,184, - ,9.3,Yes,50,90,No,No,Yes,Yes,Yes
Lebanon,6006668,7680,Middle,576e,1090,837 - 1396,18.1,42.4h,20.7,0,37,0,No,No,No,No,No,No,No,No,Yes,Yes,0,,0,0,0,Yes,Yes,–,≤ 0.05,0.00,0.00,Yes,Yes,Yes,Yes,Yes,Yes,Yes,Prohibited under 10 yrs,,,1866407,Yes,Yes,Yes,1090,837 - 1396,18.1,Yes,50,70,100,Yes,No,No,No
Lesotho,2203821,1210,Middle,318,638,544 - 733,28.9,0,0,0,0,0,No,No,No,No,No,No,No,No,No,Yes,0,,0,0,0,Yes,Yes,60,≤0.08,≤0.08,≤0.08,Yes,Yes,Yes,Yes,No,No,No,Not restricted,,,0,No,−,−,638,544 - 733,28.9,Yes,50,80,No,-,No,No,No
Liberia,4613823,370,Low,175,1657,1299 - 2015,35.9,0,0,0,0,0,No,No,No,No,No,No,No,No,No,No,0,,0,0,0,Yes,Yes,–,<0.15 ,<0.15 ,<0.15 ,Yes,Yes,Yes,Yes,Yes,No,No,Prohibited under 13 yrs,,,1085075,No,−,−,1657,1299 - 2015,35.9,Yes,40,56,72,Yes,Yes,Yes,Yes
Libya,6293253,4730g,Middle,2414,1645,1234 - 2171,26.1,75,1.9,2.3,20.8,0,No,No,No,No,No,No,No,No,No,Yes,0,,0,0,0,Yes,No,1.2,—,—,—,Yes,No,No,Yes,Yes,No,No,Not restricted,,,3553497,Yes,No,No,1645,1234 - 2171,26.1,Yes,50,85,100,No,Yes,Yes,Yes
Lithuania,2908249,14770,High,192,234, - ,8,46.4h,5.7,8.9,38,1,Yes,Yes,Yes,Yes,Yes,Yes,Yes,Yes,Yes,Yes,0,,97,30,94,Yes,Yes,9.6,≤0.04,0.00,0.00,Yes,Yes,Yes,Yes,Yes,Yes,No,Prohibited under 12 yrs,,,1391568,Yes,Yes,No,234, - ,8,Yes,50,90,130,No,Yes,No,No
Luxembourg,575747,76660,High,32,36, - ,6.3,62.5,9.4,3.1,25,0,Yes,Yes,Yes,Yes,Yes,Yes,Yes,Yes,Yes,Yes,93,,90,76,92,Yes,Yes,14,< 0.05,< 0.02,< 0.02,Yes,Yes,Yes,Yes,Yes,Yes,Yes,Prohibited under 12 yrs,,,466472,Yes,Yes,No,36, - ,6.3,Yes,50,90,130,No,Yes,Yes,Yes
Madagascar,24894552,400,Low,340,7108,5895 - 8321,28.6,52.9h,0,0,47.1,0,No,No,No,No,No,No,No,No,No,Yes,0,,0,0,0,Yes,Yes,–,<0.08,<0.08,<0.08,Yes,Yes,Yes,Yes,Yes,Yes,Yes,Not restricted,,,236979,Yes,Yes,No,7108,5895 - 8321,28.6,Yes,50,No,No,No,No,No,No
Malawi,18091576,320,Low,1122,5601,4590 - 6612,31,31.1,3.2,16,49.6,0.1,No,No,No,No,No,No,No,No,No,Yes,25.8,,21,0,0,Yes,Yes,–,<0.08,<0.08,<0.08,Yes,Yes,Yes,Yes,Yes,Yes,No,Not restricted,,,0,Yes,Yes,No,5601,4590 - 6612,31,Yes,50,80,100,Yes,Yes,Yes,Yes
Malaysia,31187264,9850,Middle,7152,7374,6482 - 8266,23.6,0,0,0,0,0,Yes,Yes,Yes,Yes,Yes,Yes,Yes,No,No,Yes,82.9,,73.8,9.6,48.4,Yes,Yes,0.1,≤0.08,≤0.08,≤0.08,Yes,Yes,Yes,Yes,Yes,Yes,Yes,Not restricted,,,27613120,Yes,Yes,No,7374,6482 - 8266,23.6,Yes,90,90,110,No,No,No,No
Maldives,427756,7430,Middle,4,4, - ,0.9,0,75,0,25,0,No,No,No,No,No,No,No,No,No,Yes,0,,0,0,0,No,No,–,—,—,—,Yes,No,No,No,Yes,No,No,Not restricted,,,92983,Yes,Yes,No,4, - ,0.9,Yes,30,30,No,No,No,No,No
Mali,17994836,750,Low,541,4159,3404 - 4914,23.1,27.9,42.3,2.4,11.5,15.9,No,No,No,No,No,No,No,No,No,Yes,20,,0,0,0,Yes,Yes,0.4,<0.03,<0.03,<0.03,Yes,Yes,Yes,Yes,No,Yes,Yes,Not restricted,,,344345,Yes,Yes,No,4159,3404 - 4914,23.1,Yes,50,90,110,Yes,No,Yes,Yes
Malta,429362,24140,High,22,26, - ,6.1,18.2,40.9,4.5,27.3,9.1,Yes,Yes,Yes,Yes,Yes,Yes,Yes,Yes,Yes,Yes,0,,0,0,0,Yes,Yes,–,≤ 0.05,≤ 0.02,≤ 0.02l,Yes,Yes,Yes,Yes,Yes,No,No,Not restricted,,,358947,Yes,Yes,No,26, - ,6.1,Yes,50,80,No,No,No,No,No
Mauritania,4301018,1120,Middle,184,1064,891 - 1236,24.7,0,0,0,0,0,No,No,No,No,No,No,No,No,No,Yes,0,,0,0,0,Yes,No,–,—,—,—,Yes,Yes,Yes,Yes,Yes,No,No,Not restricted,,,0,Yes,Yes,Yes,1064,891 - 1236,24.7,Yes,80,100,100,Yes,Yes,Yes,Yes
Mauritius,1262132,9760,Middle,144,173, - ,13.7,16.7,45.8,6.9,30.6,0,No,No,No,No,No,No,No,No,No,Yes,93.8,,97.4,0.2,0,Yes,Yes,23.6,≤0.05,≤0.05,≤0.05,Yes,Yes,Yes,Yes,Yes,No,Yes,Not restricted,,,507676,Yes,Yes,Yes,173, - ,13.7,Yes,90,90,110,Yes,Yes,Yes,Yes
Mexico,127540424,9040,Middle,16039e,16725, - ,13.1,18.4h,9.6,1.1,28.5,42.4,Yes,No,No,No,No,No,No,No,No,No,81.4,,49,5.6,58.9,Yes,No,19.5,—,—,—,No,No,No,No,No,No,No,Not restricted,,,40205671,No,No,No,16725, - ,13.1,Yes,20 - 70   ,20 - 90  ,45 - 110 ,No,No,-,-
Micronesia (Federated States of),104937,3680,Middle,2,2,,1.9,50,0,0,50,0,No,No,No,No,No,No,No,No,No,No,0,,0,0,0,Yes,No,100,—,—,—,Yes,Yes,Yes,Yes,Yes,No,No,Not restricted,,,5673,No,−,−,2,,1.9,Yesac,40,40,40,No,Yes,Yes,Yes
Mongolia,3027398,3550,Middle,484,499,471 - 527,16.5,39.3,18.6,1.2,28.7,12.2,No,No,No,No,No,No,No,No,No,Yes,0,,0,0,0,Yes,Yes,25,<0.04o,<0.04o,<0.04o,Yes,Yes,Yes,Yes,Yes,No,No,Not restricted,,,841537,Yes,Yes,No,499,471 - 527,16.5,Yes,60,80,100,Yes,No,Yes,Yes
Montenegro,628615,6970,Middle,65,67, - ,10.7,64.6,15.4,1.5,13.8,4.6,No,No,No,No,No,No,No,No,Yes,Yes,60,,40,5,35,Yes,Yes,–,≤0.03,0.00,≤0.03,Yes,Yes,Yes,Yes,Yes,Yes,Yesl,Prohibited under 12 yrs,,,211219,Yes,Yes,Yes,67, - ,10.7,Yes,50,80,130,No,No,Yes,Yes
Morocco,35276784,2850,Middle,3785,6917,6109 - 7726,19.6,31.2,28.7,5.9,26.3,7.9,No,No,No,No,No,No,No,No,No,Yes,66.7,,63.2,22.3,64,Yes,Yes,3.7,<0.02,<0.02,<0.02,Yes,Yes,Yes,Yes,Yes,Yes,Yes,Not restricted,,,3791469,Yes,Yes,No,6917,6109 - 7726,19.6,Yes,60,100,120,No,No,Yes,No
Mozambique,28829476,480,Low,1379,8665,7081 - 10250,30.1,0,0,0,0,0,No,No,No,No,No,No,No,No,Yes,Yes,0,,0,0,0,Yes,Yes,–,<0.06,<0.06,<0.06 ****,Yes,Yes,Yes,Yes,Yes,Yes,No,Prohibited under 7 yrs,,,698864,Yes,Yes,No,8665,7081 - 10250,30.1,Yes,60,120,No,No,Yes,Yes,Yes
Myanmar,52885224,1190g,Middle,4887,10540,8860 - 12219,19.9,10.8,64.8,3.1,14.2,7.1,No,No,No,No,No,No,No,No,No,Yes,7.4,,0,0,0,Yes,No,21.4,—,—,—,Yes,Yes,Yes,Yes,Yes,Yes,No,Prohibited until footrests can be reached,,,6381136,No,−,−,10540,8860 - 12219,19.9,Yes,48,80,No,Yes,-,No,No
Namibia,2479713,4620,Middle,731,754,633 - 875,30.4,0,0,0,0,0,No,No,No,No,No,No,No,No,No,Yes,0,,0,0,0,Yes,Yes,3.9,≤0.079,≤0.079,≤0.079,Yes,Yes,Yes,Yes,Yes,Yes,No,Not restricted,,, 371 281,Yes,Yes,No,754,633 - 875,30.4,Yes,60,120,120,No,No,No,No
Nepal,28982772,730,Low,2006e,4622,3928 - 5317,15.9,0,0,0,0,0,No,No,No,No,No,No,No,No,No,Yes,0,,0,0,0,Yes,No,–,—,—,—,Yes,Yes,Yes,Yes,Yes,No,No,Not restricted,,,2339169,No,−,−,4622,3928 - 5317,15.9,Yes,40,80,80,No,Yes,Yes,Yes
Netherlands,16987330,46310,High,621e,648, - ,3.8,38,21.4,29.8,9.2,1.6,Yes,Yes,Yes,Yes,Yes,Yes,Yes,Yes,Yes,Yes,96.9,,96.6,82,95.8,Yes,Yes,11 - 24,≤ 0.05,≤ 0.02,≤ 0.05,Yes,Yes,Yes,Yes,No,Yes,Yes,Not restricted,,,10757655,Yes,Yes,No,648, - ,3.8,Yes,50,80,130,Yes,Yes,Yes,No
New Zealand,4660833,39070,High,327,364, - ,7.8,68.5,15.9,1.5,7.6,6.4,Yes,Yes,Yes,Yes,Yes,Yes,Yes,No,Yes,Yes,97,,97,92,0,Yes,Yes,27,≤0.05,0.00,≤0.05,Yes,Yes,Yes,Yes,Yes,Yes,Yes,Not restricted,,,3656300,Yes,Yes,No,364, - ,7.8,Yes,50,100,100,Yes,Yes,No,No
Niger,20672988,370,Low,978,5414,4273 - 6554,26.2,0,0,0,0,0,No,No,No,No,No,No,No,No,No,No,0,,0,0,0,Yes,No,–,—,—,—,Yes,Yes,Yes,Yes,Yes,No,Yes,Not restricted,,,436420,Yes,Yes,Yes,5414,4273 - 6554,26.2,Yes,50,No,No,Yes,Yes,Yes,Yes
Nigeria,185989632,2450,Middle,5053,39802,32076 - 47529,21.4,0,0,0,0,0,No,No,No,No,No,No,No,No,Yes,Yes,0,,0,0,0,Yes,Yes,0.5,≤0.05p,≤0.002q,≤0.00r,Yes,Yes,Yes,Yes,Yes,Yes,Yes,Not restricted,,,11733425,Yes,Yes,Yes,39802,32076 - 47529,21.4,Yes,50,80,100,Yes,Yes,Yes,Yes
Norway,5254694,82330,High,135,143, - ,2.7,49.6,17,8.9,11.9,12.6,Yes,Yes,Yes,Yes,Yes,Yes,Yes,Yes,Yes,Yes,95.9,,95.2,0,94.7,Yes,Yes,13,≤ 0.02,≤ 0.02,≤ 0.02,Yes,Yes,Yes,Yes,Yes,No,Yes,Not restricted,,,3969612,Yes,Yes,No,143, - ,2.7,Yes,50,80,100,Yes,Yes,Yes,Yes
Oman,4424762,18080g,High,692,713, - ,16.1,64.7,3.9,0.7,22.5,8.1,No,No,No,No,No,No,No,No,Yes,Yes,98,,0,0,0,Yes,No,0.7,—,—,—,Yes,Yes,Yes,Yes,Yes,No,No,Not restricted,,,1370913,Yes,Yes,No,713, - ,16.1,Yes,−,−,−,No,No,No,No
Pakistan,193203472,1510,Middle,4448e,27582,23243 - 31920,14.3,0,0,0,0,0,No,No,No,No,No,No,No,No,No,Yes,0,,0,0,0,Yes,No,–,—,—,—,Yes,Yes,Yes,Yes,Yes,No,No,Not restricted,,,18352500,Yes,Yes,No,27582,23243 - 31920,14.3,Yes,90,110,130,Yes,Yes,Yes,No
Panama,4034119,12140,Middle,440,575, - ,14.3,32.3,4.4,5.7,40,17.5,No,No,No,No,No,No,No,No,No,Yes,0,,0,0,0,Yes,Yes,–,≤ 0.05,≤ 0.05,≤ 0.05,Yes,Yes,Yes,Yes,Yes,No,No,Not restricted,,,1288573,Yes,Yes,Yes,575, - ,14.3,yes,80,100,120,Yes,No,Yes,Yes
Papua New Guinea,8084991,2160g,Middle,158,1145,991 - 1298,14.2,52.5,0,0,47.5,0,No,No,No,No,No,No,No,No,No,Yes,0,,0,0,0,Yes,No,56,—,—,—,Yes,Yes,Yes,Yes,Yes,Yes,Yes,Not restricted,,,"100,993",No,−,−,1145,991 - 1298,14.2,Yes,60,75,−,No,No,Yes,Yes
Paraguay,6725308,4070,Middle,1202,1529, - ,22.7,16.5,52.2,0.2,22.5,8.7,No,No,No,No,No,No,No,No,Yes,Yes,0,,0,0,0,Yes,Yes,–,0.00,0.00,0.00,Yes,Yes,Yes,Yes,Yes,Yes,Yes,Prohibited under 12 yrs,,,1871947,Yes,Yes,Yes,1529, - ,22.7,Yes,50,110,110,No,Yes,Yes,Yes
Peru,31773840,5950,Middle,2696,4286,3898 - 4674,13.5,2.5,0.6,0.2,8.1,88.6,No,No,No,No,No,No,No,No,Yes,Yes,58.2,,15.8,0.4,32.3,Yes,Yes,9.3,≤0.05,≤0.05,≤ 0.025,Yes,Yes,Yes,Yes,Yes,No,No,Not restricted,,,5604789,Yes,Yes,No,4286,3898 - 4674,13.5,Yes,60,60,100,No,Yes,Yes,Yes
Philippines,103320224,3580,Middle,10012e,12690, - ,12.3,0.3,4.7,0.1,1,93.9,No,No,No,No,No,No,No,No,No,Yes,79.7,,0,0,0,Yes,Yes,–,<0.05,<0.05,0.00,Yes,Yes,Yes,Yes,Yes,No,Yes,Not restricted,,,9251565,Yes,Yes,No,12690, - ,12.3,Yes,40,80,No,No,Yes,Yes,Yes
Poland,38224408,12680,High,3026,3698, - ,9.7,46.8,11.2,9,28.7,4.3,Yes,Yes,Yes,Yes,Yes,Yes,Yes,Yes,Yes,Yes,95,,96,76,94,Yes,Yes,12.7,< 0.02,< 0.02,< 0.02,Yes,Yes,Yes,Yes,Yes,No,Yes,Not restricted,,,27409106,Yes,Yes,No,3698, - ,9.7,Yes,50,90,140,Yes,Yes,Yes,No
Portugal,10371627,19850,High,563,768, - ,7.4,47.6,18.3,5.9,21.8,6.4,Yes,Yes,Yes,Yes,Yes,Yes,Yes,Yes,Yes,Yes,96.4,,95.7,77.2,94.9,Yes,Yes,29.2,< 0.05,< 0.02,< 0.02,Yes,Yes,Yes,Yes,Yes,Yes,Yes,Prohibited under 7 yrs,,,6590094,Yes,Yes,No,768, - ,7.4,Yes,50,90,120,Yes,Yes,Yes,Yes
Qatar,2569804,75660g,High,178,239, - ,9.3,48.3,2.2,2.8,32,14.6,No,No,No,No,No,No,No,No,No,Yes,0,,0,0,0,Yes,No,2.2,—,—,—,Yes,Yes,Yes,Yes,Yes,No,No,Not restricted,,,1330487,Yes,Yes,No,239, - ,9.3,Yes,100,120,120,Yes,Yes,Yes,Yes
Republic of Korea,50791920,27600,High,4292,4990, - ,9.8,0,20.5,5.9,39.9,33.7,Yes,Yes,Yes,Yes,Yes,Yes,Yes,No,No,Yes,94,,83,30,84,Yes,Yes,11.2,<0.05,<0.05,<0.05,Yes,Yes,Yes,Yes,Yes,No,Yes,Not restricted,,,25680967,Yes,Yes,No,4990, - ,9.8,Yes,80,80,120,Yes,Yes,Yes,Yes
Republic of Moldova,4059608,2120,Middle,346,394, - ,9.7,17.6,4.3,1.4,18.5,58.1,No,No,No,No,No,No,No,No,Yes,Yes,65.5,,61.8,17.5,0,Yes,Yes,9.4,≤ 0.03,≤ 0.03,≤ 0.03,Yes,Yes,Yes,Yes,Yes,Yes,No,Prohibited under 12 yrs,,,894253,Yes,Yes,No,394, - ,9.7,Yes,50,110,110,Yes,Yes,Yes,No
Romania,19778084,9470,Middle,1913,2044, - ,10.3,46.1,4.4,9,37.2,3.3,Yes,Yes,Yes,Yes,Yes,Yes,Yes,Yes,Yes,Yes,0,,0,0,0,Yes,Yes,5.6,≤ 0.08,≤ 0.08,≤ 0.08,Yes,Yes,Yes,Yes,Yes,No,No,Prohibited under 14 yrs,,,7014661,Yes,Yes,No,2044, - ,10.3,Yes,50,90,130,Yes,Yes,Yes,Yes
Russian Federation,143964512,9720,Middle,20308,25969, - ,18,57.6,5.9,2,29.2,5.3,Yes,Yes,Yes,Yes,Yes,Yes,Yes,No,Yes,Yes,76,,66,20,0,Yes,Yes,22.9,≤0.03o,≤0.03o,≤0.03o,Yes,Yes,Yes,Yes,Yes,Yes,Yes,Prohibited under 12 yrs,,,54014259,Yes,Yes,No,25969, - ,18,Yes,60,90,110,-,-,-,-
Rwanda,11917508,700,Low,593,3535,2690 - 4380,29.7,0,0,0,0,0,No,No,No,No,No,No,No,No,No,Yes,0,,0,0,0,Yes,Yes,–,≤0.08,≤0.08,≤0.08,Yes,Yes,Yes,Yes,Yes,Yes,No,Not restricted,,,180137,No,−,−,3535,2690 - 4380,29.7,Yes,80,80,80,Yes,No,No,No
Saint Lucia,178015,7670,Middle,15,63, - ,35.4,46.7,20,13.3,13.3,6.7,No,No,No,No,No,No,No,No,No,Yes,0,,0,0,0,Yes,Yes,–,≤0.08,≤0.08,≤0.08,Yes,Yes,Yes,Yes,Yes,No,Yes,Not restricted,,,35681,Yes,No,No,63, - ,35.4,Yes,24,24,56,No,No,No,No
Samoa,195125,4100,Middle,17e,22,20 - 25,11.3,41.2,0,5.9,47.1,5.9,No,No,No,No,No,No,No,No,No,Yes,100,,100,100,100,Yes,Yes,–,≤0.08,≤0.08,≤0.08,Yes,Yes,Yes,Yes,Yes,Yes,No,Not restricted,,,25235,Yes,Yes,No,22,20 - 25,11.3,Yes,56,56,−,Yes,Yes,No,No
San Marino,33203,51810g,High,0,0, - ,0,0,0,0,0,0,Yes,Yes,Yes,Yes,Yes,Yes,Yes,No,Yes,Yes,0,,0,0,0,Yes,Yes,–,< 0.05,< 0.05,< 0.05,Yes,Yes,Yes,Yes,Yes,Yes,Yes,Not restricted,,,54956,Yes,Yes,No,0, - ,0,Yes,70,70,No,No,No,No,No
Sao Tome and Principe,199910,1730,Middle,23,55,43 - 68,27.5,0,0,0,0,0,No,No,No,No,No,No,No,No,No,Yes,0,,0,0,0,Yes,Yes,–,<0.12,<0.12,<0.12,Yes,Yes,Yes,Yes,No,Yes,Yes,Prohibited under 7 yrs,,,34050,Yes,Yes,No,55,43 - 68,27.5,Yes,50,90,120,Yes,Yes,Yes,Yes
Saudi Arabia,32275688,21750,High,9031,9311,8268 - 10354,28.8,0,0,0,0,0,No,No,No,No,No,No,No,No,Yes,Yes,0,,0,0,0,Yes,No,–,—,—,—,Yes,Yes,Yes,Yes,Yes,Yes,No,Prohibited under 16 yrs,,,6895799,Yes,Yes,No,9311,8268 - 10354,28.8,Yes,80,120,No,No,No,Yes,Yes
Senegal,15411614,950,Low,604,3609,3052 - 4165,23.4,0,0,0,0,0,No,No,No,No,No,No,No,No,No,Yes,0,,0,0,0,Yes,No,–,—,—,—,Yes,No,Yes,Yes,No,No,No,Not restricted,,,468 051,Yes,Yes,Yes,3609,3052 - 4165,23.4,Yes,No ,90,110,Yes,Yes,Yes,Yes
Serbia,8820083,5280,Middle,607,649, - ,7.4,46.3,8.7,9.4,23.1,12.5,No,No,No,No,No,No,No,No,Yes,Yes,77.0,,75.1,10.1,66.2,Yes,Yes,17,≤0.03,0.00,0.00,Yes,Yes,Yes,Yes,Yes,Yes,No,Prohibited under 12 yrs,,,2282401,Yes,Yes,No,649, - ,7.4,Yes,50,100,120,Yes,No,No,No
Seychelles,94228,15410,High,15,15, - ,15.9,46.7,20,6.7,20,6.7,No,No,No,No,No,No,No,No,Yes,Yes,0,,0,0,0,Yes,Yes,–,≤0.08,≤0.08,≤0.08,Yes,Yes,Yes,Yes,Yes,No,No,Prohibited under 10 yrs,,,23076,Yes,Yes,No,15, - ,15.9,Yes,25 - 80 ,80,80,Yes,Yes,Yes,Yes
Singapore,5622455,51880,High,141,155, - ,2.8,7.8,44,14.2,33.3,0.7,No,No,No,No,No,No,No,No,Yes,Yes,0,,0,0,0,Yes,Yes,6.4,≤0.08,≤0.08,≤0.08,Yes,Yes,Yes,Yes,Yes,Yes,Yes,Prohibited under 10 yrs,,,933534,Yes,Yes,No,155, - ,2.8,Yes,70,−,90,Yes,Yes,Yes,Yes
Slovakia,5444218,16810,High,275,330, - ,6.1,50.2,8.7,7.6,29.1,4.4,Yes,Yes,Yes,Yes,Yes,Yes,Yes,Yes,Yes,Yes,0,,0,0,0,Yes,Yes,6.1,0.00,0.00,0.00,Yes,Yes,Yes,Yes,Yes,Yes,No,Prohibited under 12 yrs,,,2606412,Yes,Yes,No,330, - ,6.1,Yes,50,90,130,Yes,Yes,Yes,Yes
Slovenia,2077862,21660,High,130,134, - ,6.4,46.9,19.2,10,16.9,6.9,Yes,Yes,Yes,Yes,Yes,Yes,Yes,Yes,Yes,Yes,90.4,,91.8,68.6,82.2,Yes,Yes,32,≤ 0.05,0.00,0.00,Yes,Yes,Yes,Yes,Yes,Yes,Yes,Prohibited under 12 yrs,,,1468439,Yes,Yes,No,134, - ,6.4,Yes,50,90,130,No,No,Yes,No
Solomon Islands,599419,1880,Middle,11,104,94 - 115,17.4,0,0,0,0,0,No,No,No,No,No,No,No,No,No,No,0,,0,0,0,Yes,Yes,–,<0.05,<0.05,<0.05,Yes,Yes,Yes,Yes,Yes,Yes,Yes,Not restricted,,,0,No,−,−,104,94 - 115,17.4,Yes,−,−,−,No,No,No,No
Somalia,14317996,…,Low,165,3884,3023 - 4745,27.1,0,0,0,0,0,No,No,No,No,No,No,No,No,No,No,0,,0,0,0,Yes,No,–,—,—,—,No,—,—,—,—,—,—,Not restricted,,,59457,No,−,−,3884,3023 - 4745,27.1,Yes,40,No,No,Yes,Yes,Yes,Yes
South Africa,56015472,5480,Middle,14071,14507, - ,25.9,44.9,0.3,3.2,38.4,13.1,No,Yes,No,No,Yes,Yes,Yes,No,Yes,Yes,33,,31,0,0,Yes,Yes,57.5,<0.05,<0.05,<0.02,Yes,Yes,Yes,Yes,Yes,Yes,No,Not restricted,,,0,Yes,Yes,No,14507, - ,25.9,Yes,60,100,120,No,No,No,No
South Sudan,12230730,820g,Low,130,3661,2976 - 4346,29.9,0,0,0,0,0,No,No,No,No,No,No,No,No,No,No,0,,0,0,0,Yes,No,–,—,—,—,No,—,—,—,—,—,—,Not restricted,,,69647,No,−,−,3661,2976 - 4346,29.9,Yes,50,No,No,Yes,No,No,Yes
Spain,46347576,27520,High,1810,1922, - ,4.1,46.5,21.9,3.7,21.5,6.4,Yes,Yes,Yes,Yes,Yes,Yes,Yes,Yes,Yes,Yes,90.3,,90.5,80.6,88.3,Yes,Yes,"17 Males, 6.7
Females",≤ 0.05,≤0.03,≤0.03,Yes,Yes,Yes,Yes,Yes,No,Yes,Prohibited under 7 / 12 yrs,,,32986384,Yes,Yes,No,1922, - ,4.1,Yes,50,90,120,No,No,Yes,Yes
Sri Lanka,20798492,3780,Middle,3003,3096,2777 - 3415,14.9,6.2,50.8,8.1,29.2,5.7,No,No,No,No,No,No,No,No,No,Yes,75,,75,75,0,Yes,Yes,–,< 0.08,< 0.08,< 0.08,Yes,Yes,Yes,Yes,Yes,No,Yes,Not restricted,,,6795469,Yes,Yes,No,3096,2777 - 3415,14.9,Yes,50,70,100,No,No,Yes,No
Sudan,39578828,2140,Middle,2311,10178,8635 - 11722,25.7,0,0,0,28.6,71.4,No,No,No,No,No,No,No,No,No,Yes,0,,0,0,0,Yes,No,0.3,—,—,—,Yes,Yes,Yes,Yes,Yes,No,No,Not restricted,,,1252740,Yes,Yes,Yes,10178,8635 - 11722,25.7,Yes,50,90,No,No,No,Yes,No
Suriname,558368,7070,Middle,74,81, - ,14.5,33.8,45.9,4.1,14.9,1.4,No,No,No,No,No,No,No,No,Yes,Yes,75,,75,8,0,Yes,Yes,–,≤ 0.05,≤ 0.05,≤ 0.05,Yes,Yes,Yes,Yes,No,Yes,Yes,Not restricted,,,228388,Yes,Yes,No,81, - ,14.5,Yes,40,80,80,Yes,No,No,No
Sweden,9837533,54630,High,270,278, - ,2.8,53.7,16.3,8.1,15.6,6.3,Yes,Yes,Yes,Yes,Yes,Yes,Yes,Yes,Yes,Yes,98,,96,90,97,Yes,Yes,24,< 0.02,< 0.02,< 0.02,Yes,Yes,Yes,Yes,Yes,Yes,Yes,Not restricted,,,6102914,Yes,No,No,278, - ,2.8,Yes,50,110,120,No,Yes,Yes,No
Switzerland,8401739,81240,High,216,223, - ,2.7,34.7,22.7,15.3,23.1,4.2,Yes,Yes,Yes,Yes,Yes,Yes,Yes,Yes,Yes,Yes,94,,94,86,0,Yes,Yes,13,< 0.05,< 0.01,< 0.01,Yes,Yes,Yes,Yes,Yes,No,Yes,Not restricted,,,5980512,Yes,Yes,No,223, - ,2.7,Yes,50,80,120,No,Yes,Yes,Yes
Syrian Arab Republic,18430452,1840g,Middle,714,4890,4009 - 5772,26.5,18.8,6.4,5.9,64.7,4.2,No,No,No,No,No,No,No,No,No,Yes,90,,90,0,0,Yes,No,–,—,—,—,Yes,Yes,No,Yes,Yes,No,No,Not restricted,,,2396544,Yes,Yes,Yes,4890,4009 - 5772,26.5,Yes,−,−,−,Yes,Yes,Yes,Yes
Tajikistan,8734951,1110,Middle,427,1577,1449 - 1704,18.1,57.4h,0,2.3,40.3,0,No,No,No,No,No,No,No,No,No,Yes,0,,0,0,0,Yes,No,4.2,—,—,—,Yes,Yes,Yes,Yes,Yes,Yes,No,Prohibited under 12 yrs,,,439972,Yes,Yes,No,1577,1449 - 1704,18.1,Yes,60,90,110,Yes,Yes,Yes,Yes
Thailand,68863512,5640,Middle,21745,22491,20265 - 24717,32.7,12.3,74.4,3.5,7.6,2.3,Yes,Yes,No,No,No,Yes,No,No,No,Yes,58,,40,0,0,Yes,Yes,14.1,≤ 0.05,≤ 0.02,0.00,Yes,Yes,Yes,Yes,Yes,Yes,Yes,Not restricted,,,37338139,Yes,Yes,No,22491,20265 - 24717,32.7,Yes,80,90,120,Yes,Yes,Yes,Yes
The former Yugoslav Republic of Macedonia,2081206,4980,Middle,148e,134, - ,6.4,46.6,9.5,6.1,33.1,4.7,No,No,No,No,No,No,No,No,Yes,Yes,21,,19.8,3.1,14.6,Yes,Yes,1.4,≤0.05,< 0.01,≤0.009,Yes,Yes,Yes,Yes,Yes,No,No,Not restricted,,,442962 ,Yes,Yes,No,134, - ,6.4,Yes,50,90,130,Yes,Yes,Yes,Yes
Timor-Leste,1268671,2180g,Middle,71,161,138 - 184,12.7,0,0,0,0,0,No,No,No,No,No,No,No,No,No,Yes,0,,0,0,0,Yes,Yes,–,≤ 0.05,≤ 0.05,≤ 0.05,Yes,Yes,Yes,Yes,Yes,Yes,Yes,Not restricted,,,146596,Yes,Yes,No,161,138 - 184,12.7,Yes,50,90,120,Yes,Yes,No,Yes
Togo,7606374,540,Low,514,2224,1800 - 2649,29.2,17.3,71.6,0,0,11.1,No,No,No,No,No,No,No,No,No,Yes,0,,0,0,0,Yes,No,–,—,—,—,Yes,Yes,Yes,Yes,Yes,No,No,Not restricted,,,64118,Yes,Yes,Yes,2224,1800 - 2649,29.2,No,−,−,−,Yes,Yes,Yes,Yes
Tonga,107122,4020,Middle,18,18,,16.8,66.7,0,0,27.8,5.6,No,No,No,No,No,No,No,No,No,No,0,,0,0,0,Yes,Yes,77,<0.03o,<0.03o,<0.03o,Yes,Yes,Yes,Yes,Yes,Yes,Yes,Not restricted,,,8154,No,−,−,18,,16.8,Yes,50,70,70,No,No,No,No
Trinidad and Tobago,1364962,15680,High,135,165, - ,12.1,57.8,2.2,0.7,31.1,8.1,No,No,No,No,No,No,No,No,Yes,Yes,0,,0,0,0,Yes,Yes,–,≤0.08,≤0.08,≤0.08,Yes,Yes,Yes,Yes,Yes,No,Yes,Not restricted,,,831803,Yes,Yes,No,165, - ,12.1,yes,50,80,No,No,Yes,Yes,No
Tunisia,11403248,3690,Middle,1443,2595,2321 - 2869,22.8,49.3h,22.9,2.5,24.6,0.7,No,No,No,No,No,No,No,No,No,Yes,0,,0,0,0,Yes,Yes,1.6,<0.03,0.00,0.00,Yes,Yes,Yes,Yes,Yes,No,Yes,Prohibited under 6 yrs,,,2015601,Yes,Yes,No,2595,2321 - 2869,22.8,Yes,50,90,110,No,Yes,Yes,Yes
Turkey,79512424,11180,Middle,7300,9782, - ,12.3,21.7,14.9,1.9,23.4,38,Yes,Yes,Yes,No,Yes,Yes,Yes,No,Yes,Yes,50.1,,40.6,0,0,Yes,Yes,3.3,≤0.05,≤0.05,≤0.02,Yes,Yes,Yes,Yes,Yes,No,Yes,Not restricted,,,21090424,Yes,Yes,Yes,9782, - ,12.3,Yes,50,110,120,Yes,Yes,Yes,Yes
Turkmenistan,5662544,6670,Middle,543,823,765 - 880,14.5,0,0,0,0,0,No,No,No,No,No,No,No,No,No,Yes,0,,0,0,0,Yes,Yes,–,< 0.05,< 0.05,< 0.05,Yes,Yes,Yes,Yes,Yes,No,No,Prohibited under 12 yrs,,,0,Yes,Yes,Yes,823,765 - 880,14.5,Yes,60,90,110,Yes,Yes,Yes,Yes
Uganda,41487964,660,Low,3503,12036,9454 - 14618,29,21.3,33.4,5.8,39.5,0,No,No,No,No,No,No,No,No,No,Yes,0,,0,0,0,Yes,Yes,0.8,≤0.08,≤0.08,0.00,Yes,Yes,Yes,Yes,Yes,No,No,Not restricted,,,1594962,Yes,Yes,No,12036,9454 - 14618,29,Yes,50,100,No,No,No,Yes,No
Ukraine,44438624,2310,Middle,4687,6089, - ,13.7,34,8.7,7.1,41.9,8.4,No,No,No,No,No,No,No,No,Yes,Yes,0,,0,0,0,Yes,Yes,6.7,≤ 0.02,≤ 0.02,≤0.02,Yes,Yes,Yes,Yes,Yes,Yes,No,Prohibited under 12 yrs / 145 cm,,,14433709,Yes,Yes,No,6089, - ,13.7,Yes,60,90,130,Yes,Yes,Yes,No
United Arab Emirates,9269612,40480,High,725,1678,1435 - 1921,18.1,54.5,5.5,1.5,24.3,14.2,No,No,No,No,No,No,No,No,Yes,Yes,0,,0,0,0,Yes,Yes,1.8,≤ 0.01,≤ 0.01,≤ 0.01,Yes,Yes,Yes,Yes,Yes,No,No,Not restricted,,,3391125,Yes,Yes,No,1678,1435 - 1921,18.1,Yes,−,−,−,Yes,No,Yes,No
United Kingdom,65788572,42390,High,1804e,2019, - ,3.1,46.2,20.5,5.5,23.7,4.1,Yes,Yes,Yes,No,Yes,Yes,Yes,Yes,Yes,Yes,95.3,,94.6,90.3,97.5,Yes,Yes,"13 (GB), 23 (NI)",≤ 0.08 ,≤ 0.08 ,≤ 0.08 ,Yes,Yes,Yes,Yes,Yes,Yes,Yes,Not restricted,,,38388214,Yes,Yes,No,2019, - ,3.1,Yes,48,96,112,Yes,Yes,Yes,Yes
United Republic of Tanzania,55572200,900,Low,3256,16252,13130 - 19374,29.2,38.5,22.7,8,29.9,0.8,No,No,No,No,No,No,No,No,No,Yes,0,,0,0,0,Yes,Yes,1,≤0.08,≤0.08,0.00,Yes,Yes,No,Yes,Yes,No,Yes,Not restricted,,,2163623,No,−,−,16252,13130 - 19374,29.2,Yes,50,No,No,No,Yes,Yes,Yes
United States of America,322179616,56180,High,35092e,39888, - ,12.4,63.9,14.2,2.3,15.3,4.2,Yes,Yes,Yes,No,Yes,No,Yes,No,Yes,Yes,90.5,,90.1,74.8,90.1,Yes,Yes,29,≤0.08,0.00 - 0.08 ,0.00 - 0.08,Yes,Nor,Nor,No,No,No,Yes,Not restricted,,,281312446,Yes,No,No,39888, - ,12.4,Yes,  32 - 128 ,40 - 128 ,40 - 128 ,Yes,Yes,Yes,Yes
Uruguay,3444006,15230,High,446,460, - ,13.4,30.7,45.7,7,16.6,0,Yes,Yes,No,No,No,No,Yes,No,Yes,Yes,69.1,,62.8,33,62.8,Yes,Yes,–,0.00,0.00,0.00,Yes,Yes,Yes,Yes,Yes,No,Yes,Prohibited until footrests can be reached,,,2342026,Yes,Yes,No,460, - ,13.4,Yes,45,90,90,No,No,Yes,Yes
Uzbekistan,31446796,2220,Middle,2496,3617, - ,11.5,0,0,0,0,0,No,No,No,No,No,No,No,No,No,Yes,0,,0,0,0,Yes,No,3.6,—,—,—,Yes,Yes,Yes,Yes,Yes,Yes,No,Prohibited under 12 yrs,,,0,Yes,Yes,Yes,3617, - ,11.5,Yes,70,100,No,-,-,-,-
Vanuatu,270402,3170g,Middle,9,43,39 - 48,15.9,0,0,0,0,0,No,No,No,No,No,No,No,No,No,Yes,41,,20,10,20,Yes,No,67,—,—,—,Yes,Yes,Yes,No,Yes,Yes,Yes,Not restricted,,,0,No,−,−,43,39 - 48,15.9,No,−,−,−,No,Yes,No,No
Venezuela (Bolivarian Republic of),31568180,11760g,Middle,7028e,10640, - ,33.7,0,0,0,0,0,No,No,No,No,No,No,No,No,Yes,Yes,0,,0,0,0,Yes,No,–,—,—,—,Yes,Yes,Yes,Yes,Yes,No,No,Prohibited under 10 yrs,,,7999760,Yes,Yes,No,10640, - ,33.7,No,−,−,−,Yes,Yes,Yes,Yes
Viet Nam,94569072,2050,Middle,8417,24970,21576 - 28363,26.4,0,0,0,0,0,No,No,No,No,No,No,No,No,No,Yes,0,,0,0,0,Yes,Yes,–,0.00 — 0.05v,0.00 — 0.05v,0.00 — 0.05v,Yes,Yes,Yes,Yes,Yes,Yes,Yes,Not restricted,,,50666855,Yes,Yes,No,24970,21576 - 28363,26.4,yes,60,90,120,No,Yes,Yes,Yes
West Bank and Gaza Strip,4790705,3230,Middle,159,252,189 - 333,5.3,52.2,2.5,1.9,32.7,10.7,No,No,No,No,No,No,No,No,Yes,Yes,0,,0,0,0,Yes,No,–,—,—,—,Yes,Yes,Yes,Yes,Yes,Yes,Yes,Not restricted,,,268365,Yes,Yes,No,252,189 - 333,5.3,Yes,50,80,110,No,Yes,Yes,Yes
Zimbabwe,16150362,940,Low,1721,5601,4602 - 6599,34.7,26.7,10.2,12.2,13.7,37.2,No,No,No,No,No,No,No,No,No,Yes,0,,0,0,0,Yes,Yes,–,<0.08,<0.08,<0.08,Yes,Yes,Yes,Yes,Yes,Yes,Yes,Not restricted,,,1198584,Yes,Yes,No,5601,4602 - 6599,34.7,Yes,60,80,120,Yes,No,No,No